{"cameraMode":{"drawMode":0,"name":"Shaded","section":"Shading Mode"},"sceneLighting":true,"audioPlay":false,"sceneViewState":{"showFog":true,"showMaterialUpdate":false,"showSkybox":true,"showFlares":true,"showImageEffects":true,"showParticleSystems":true,"showVisualEffectGraphs":true,"m_FxEnabled":true},"in2DMode":false,"pivot":{"x":5.229113578796387,"y":2.1367740631103517,"z":7.1398162841796879},"rotation":{"x":0.11816412210464478,"y":-0.03127386048436165,"z":0.0037234013434499504,"w":0.9924936890602112},"size":19.52770233154297,"orthographic":false}