{"cameraMode":{"drawMode":0,"name":"Shaded","section":"Shading Mode"},"sceneLighting":false,"audioPlay":false,"sceneViewState":{"m_AlwaysRefresh":false,"showFog":true,"showSkybox":false,"showFlares":true,"showImageEffects":true,"showParticleSystems":true,"showVisualEffectGraphs":true,"m_FxEnabled":true},"in2DMode":false,"pivot":{"x":-4.775550842285156,"y":0.8848617076873779,"z":3.372682571411133},"rotation":{"x":0.13526354730129243,"y":-0.26152855157852175,"z":0.03702576085925102,"w":0.9549914598464966},"size":2.5389041900634767,"orthographic":false}