{"cameraMode":{"drawMode":0,"name":"Shaded","section":"Shading Mode"},"sceneLighting":true,"audioPlay":false,"sceneViewState":{"showFog":true,"showMaterialUpdate":false,"showSkybox":true,"showFlares":true,"showImageEffects":true,"showParticleSystems":true,"showVisualEffectGraphs":true,"m_FxEnabled":true},"in2DMode":false,"pivot":{"x":234.15655517578126,"y":187.00498962402345,"z":-195.398193359375},"rotation":{"x":-0.037799712270498279,"y":-0.0024012234061956407,"z":0.00009136072912951931,"w":-0.9992758631706238},"size":49.56047058105469,"orthographic":false}