{"cameraMode":{"drawMode":0,"name":"Shaded","section":"Shading Mode"},"sceneLighting":true,"audioPlay":false,"sceneViewState":{"showFog":true,"showMaterialUpdate":false,"showSkybox":true,"showFlares":true,"showImageEffects":true,"showParticleSystems":true,"showVisualEffectGraphs":true,"m_FxEnabled":true},"in2DMode":false,"pivot":{"x":0.14043691754341126,"y":3.8137669563293459,"z":14.388111114501954},"rotation":{"x":0.0011908410815522075,"y":-0.0009031874942593277,"z":-8.611128237134835e-7,"w":-0.9999957084655762},"size":11.296585083007813,"orthographic":false}