{"cameraMode":{"drawMode":0,"name":"Shaded","section":"Shading Mode"},"sceneLighting":true,"audioPlay":false,"sceneViewState":{"showFog":true,"showMaterialUpdate":false,"showSkybox":true,"showFlares":true,"showImageEffects":true,"showParticleSystems":true,"showVisualEffectGraphs":true,"m_FxEnabled":true},"in2DMode":false,"pivot":{"x":224.80397033691407,"y":111.47364807128906,"z":699.4641723632813},"rotation":{"x":-0.06474236398935318,"y":0.02454257383942604,"z":-0.0015838074032217265,"w":-0.9975792765617371},"size":516.2283325195313,"orthographic":false}