{"cameraMode":{"drawMode":0,"name":"Shaded","section":"Shading Mode"},"sceneLighting":true,"audioPlay":false,"sceneViewState":{"showFog":true,"showMaterialUpdate":false,"showSkybox":true,"showFlares":true,"showImageEffects":true,"showParticleSystems":true,"showVisualEffectGraphs":true,"m_FxEnabled":true},"in2DMode":false,"pivot":{"x":15.391127586364746,"y":9.336692810058594,"z":-12.908807754516602},"rotation":{"x":-0.15684877336025239,"y":-0.0011792639270424843,"z":0.00018837123934645206,"w":-0.9876161813735962},"size":8.659456253051758,"orthographic":false}