{"cameraMode":{"drawMode":0,"name":"Shaded","section":"Shading Mode"},"sceneLighting":true,"audioPlay":false,"sceneViewState":{"showFog":true,"showMaterialUpdate":false,"showSkybox":true,"showFlares":true,"showImageEffects":true,"showParticleSystems":true,"showVisualEffectGraphs":true,"m_FxEnabled":true},"in2DMode":false,"pivot":{"x":6.73954963684082,"y":9.317089080810547,"z":40.784149169921878},"rotation":{"x":0.023890411481261255,"y":0.09433223307132721,"z":-0.0022643664851784708,"w":0.9952488541603088},"size":30.510103225708009,"orthographic":false}