{"cameraMode":{"drawMode":0,"name":"Shaded","section":"Shading Mode"},"sceneLighting":true,"audioPlay":false,"sceneViewState":{"showFog":true,"showMaterialUpdate":false,"showSkybox":true,"showFlares":true,"showImageEffects":true,"showParticleSystems":true,"showVisualEffectGraphs":true,"m_FxEnabled":true},"in2DMode":false,"pivot":{"x":7.700775146484375,"y":13.310739517211914,"z":40.98738479614258},"rotation":{"x":0.007449800614267588,"y":0.11524010449647904,"z":-0.0008643071632832289,"w":0.9933064579963684},"size":35.74678039550781,"orthographic":false}