{"cameraMode":{"drawMode":0,"name":"Shaded","section":"Shading Mode"},"sceneLighting":true,"audioPlay":false,"sceneViewState":{"m_AlwaysRefresh":false,"showFog":true,"showSkybox":true,"showFlares":true,"showImageEffects":true,"showParticleSystems":true,"showVisualEffectGraphs":true,"m_FxEnabled":true},"in2DMode":false,"pivot":{"x":26.217138290405275,"y":96.88616180419922,"z":-177.70062255859376},"rotation":{"x":-0.05439155921339989,"y":0.24256572127342225,"z":0.013619714416563511,"w":0.9685224890708923},"size":17.416458129882814,"orthographic":false}