{"cameraMode":{"drawMode":0,"name":"Shaded","section":"Shading Mode"},"sceneLighting":true,"audioPlay":false,"sceneViewState":{"m_AlwaysRefresh":false,"showFog":true,"showSkybox":true,"showFlares":true,"showImageEffects":true,"showParticleSystems":true,"showVisualEffectGraphs":true,"m_FxEnabled":true},"in2DMode":false,"pivot":{"x":-1.7188173532485963,"y":-11.171672821044922,"z":60.06947326660156},"rotation":{"x":0.11017327755689621,"y":-0.008050384931266308,"z":0.0008865269483067095,"w":0.9938911199569702},"size":43.425933837890628,"orthographic":false}