{"cameraMode":{"drawMode":0,"name":"Shaded","section":"Shading Mode"},"sceneLighting":true,"audioPlay":false,"sceneViewState":{"m_AlwaysRefresh":false,"showFog":true,"showSkybox":true,"showFlares":true,"showImageEffects":true,"showParticleSystems":true,"showVisualEffectGraphs":true,"m_FxEnabled":true},"in2DMode":false,"pivot":{"x":5.794671535491943,"y":-15.566895484924317,"z":63.69789505004883},"rotation":{"x":0.1264600157737732,"y":0.039569247514009479,"z":-0.005054435692727566,"w":0.9911819100379944},"size":39.04753494262695,"orthographic":false}