{"cameraMode":{"drawMode":0,"name":"Shaded","section":"Shading Mode"},"sceneLighting":false,"audioPlay":false,"sceneViewState":{"showFog":true,"showMaterialUpdate":false,"showSkybox":false,"showFlares":true,"showImageEffects":true,"showParticleSystems":true,"showVisualEffectGraphs":true,"m_FxEnabled":true},"in2DMode":false,"pivot":{"x":-5.778215408325195,"y":1.4711923599243165,"z":-0.4263432025909424},"rotation":{"x":-0.07042686641216278,"y":-0.02064134180545807,"z":0.0014585835160687566,"w":-0.9973002672195435},"size":2.368234395980835,"orthographic":false}