{"cameraMode":{"drawMode":0,"name":"Shaded","section":"Shading Mode"},"sceneLighting":false,"audioPlay":false,"sceneViewState":{"showFog":true,"showMaterialUpdate":false,"showSkybox":false,"showFlares":true,"showImageEffects":true,"showParticleSystems":true,"showVisualEffectGraphs":true,"m_FxEnabled":true},"in2DMode":false,"pivot":{"x":-4.684996604919434,"y":1.7283916473388672,"z":0.8618018627166748},"rotation":{"x":0.001063837087713182,"y":0.7049815654754639,"z":-0.0010574733605608345,"w":0.7092241644859314},"size":1.4282293319702149,"orthographic":false}