{"cameraMode":{"drawMode":0,"name":"Shaded","section":"Shading Mode"},"sceneLighting":false,"audioPlay":false,"sceneViewState":{"showFog":true,"showMaterialUpdate":false,"showSkybox":false,"showFlares":true,"showImageEffects":true,"showParticleSystems":true,"showVisualEffectGraphs":true,"m_FxEnabled":true},"in2DMode":false,"pivot":{"x":-0.5936415195465088,"y":0.15749025344848634,"z":-0.07867789268493653},"rotation":{"x":0.0009000793797895312,"y":-0.9942626357078552,"z":0.10660189390182495,"w":0.008374622091650963},"size":1.8000173568725587,"orthographic":false}