{"cameraMode":{"drawMode":0,"name":"Shaded","section":"Shading Mode"},"sceneLighting":false,"audioPlay":false,"sceneViewState":{"m_AlwaysRefresh":false,"showFog":true,"showSkybox":false,"showFlares":true,"showImageEffects":true,"showParticleSystems":true,"showVisualEffectGraphs":true,"m_FxEnabled":true},"in2DMode":false,"pivot":{"x":-62.07549285888672,"y":-30.572158813476564,"z":-239.61895751953126},"rotation":{"x":-0.008119514212012291,"y":0.9900265336036682,"z":-0.06425323337316513,"w":-0.12510548532009126},"size":126.38768005371094,"orthographic":false}