{"cameraMode":{"drawMode":0,"name":"Shaded","section":"Shading Mode"},"sceneLighting":false,"audioPlay":false,"sceneViewState":{"m_AlwaysRefresh":false,"showFog":true,"showSkybox":false,"showFlares":true,"showImageEffects":true,"showParticleSystems":true,"showVisualEffectGraphs":true,"m_FxEnabled":true},"in2DMode":false,"pivot":{"x":-0.3514770269393921,"y":0.7487030029296875,"z":-0.5183838605880737},"rotation":{"x":0.06198994815349579,"y":-0.9372144341468811,"z":0.2219156175851822,"w":0.2618029713630676},"size":2.4073948860168459,"orthographic":false}