{"cameraMode":{"drawMode":0,"name":"Shaded","section":"Shading Mode"},"sceneLighting":false,"audioPlay":false,"sceneViewState":{"m_AlwaysRefresh":false,"showFog":true,"showSkybox":false,"showFlares":true,"showImageEffects":true,"showParticleSystems":true,"showVisualEffectGraphs":true,"m_FxEnabled":true},"in2DMode":false,"pivot":{"x":-1.5115044116973878,"y":0.9753196239471436,"z":0.4874662160873413},"rotation":{"x":0.0956675261259079,"y":-0.8566980361938477,"z":0.17187835276126862,"w":0.47683995962142947},"size":2.1073949337005617,"orthographic":false}