{"cameraMode":{"drawMode":0,"name":"Shaded","section":"Shading Mode"},"sceneLighting":false,"audioPlay":false,"sceneViewState":{"showFog":true,"showMaterialUpdate":false,"showSkybox":false,"showFlares":true,"showImageEffects":true,"showParticleSystems":true,"showVisualEffectGraphs":true,"m_FxEnabled":true},"in2DMode":false,"pivot":{"x":-1.320918321609497,"y":0.8998421430587769,"z":-4.623773097991943},"rotation":{"x":0.20784160494804383,"y":0.07533398270606995,"z":-0.016056906431913377,"w":0.9751322269439697},"size":0.6747241616249085,"orthographic":false}