{"cameraMode":{"drawMode":0,"name":"Shaded","section":"Shading Mode"},"sceneLighting":false,"audioPlay":false,"sceneViewState":{"m_AlwaysRefresh":false,"showFog":true,"showSkybox":false,"showFlares":true,"showImageEffects":true,"showParticleSystems":true,"showVisualEffectGraphs":true,"m_FxEnabled":true},"in2DMode":false,"pivot":{"x":2.744143009185791,"y":2.0221314430236818,"z":-2.8824596405029299},"rotation":{"x":0.004129284992814064,"y":0.9922186732292175,"z":-0.11964116990566254,"w":0.03424519672989845},"size":3.3817479610443117,"orthographic":true}