{"cameraMode":{"drawMode":0,"name":"Shaded","section":"Shading Mode"},"sceneLighting":false,"audioPlay":false,"sceneViewState":{"m_AlwaysRefresh":false,"showFog":true,"showSkybox":false,"showFlares":true,"showImageEffects":true,"showParticleSystems":true,"showVisualEffectGraphs":true,"m_FxEnabled":true},"in2DMode":false,"pivot":{"x":2.744143009185791,"y":2.0221314430236818,"z":-2.8824596405029299},"rotation":{"x":-0.021824674680829049,"y":0.936133086681366,"z":-0.05905454233288765,"w":-0.34596505761146548},"size":2.963414192199707,"orthographic":true}