{"cameraMode":{"drawMode":0,"name":"Shaded","section":"Shading Mode"},"sceneLighting":false,"audioPlay":false,"sceneViewState":{"m_AlwaysRefresh":false,"showFog":true,"showSkybox":false,"showFlares":true,"showImageEffects":true,"showParticleSystems":true,"showVisualEffectGraphs":true,"m_FxEnabled":true},"in2DMode":false,"pivot":{"x":-2.1719861030578615,"y":1.4472845792770386,"z":1.556917667388916},"rotation":{"x":0.10629662126302719,"y":0.8539766073226929,"z":-0.1924954503774643,"w":0.47163981199264529},"size":0.8411786556243897,"orthographic":false}