{"cameraMode":{"drawMode":0,"name":"Shaded","section":"Shading Mode"},"sceneLighting":true,"audioPlay":false,"sceneViewState":{"m_AlwaysRefresh":false,"showFog":true,"showSkybox":true,"showFlares":true,"showImageEffects":true,"showParticleSystems":true,"showVisualEffectGraphs":true,"m_FxEnabled":true},"in2DMode":false,"pivot":{"x":-4.755876064300537,"y":-11.954297065734864,"z":11.740253448486329},"rotation":{"x":0.39704474806785586,"y":0.06025536358356476,"z":-0.026085948571562768,"w":0.9155218601226807},"size":12.521232604980469,"orthographic":false}