{"cameraMode":{"drawMode":0,"name":"Shaded","section":"Shading Mode"},"sceneLighting":true,"audioPlay":false,"sceneViewState":{"m_AlwaysRefresh":false,"showFog":true,"showSkybox":true,"showFlares":true,"showImageEffects":true,"showParticleSystems":true,"showVisualEffectGraphs":true,"m_FxEnabled":true},"in2DMode":false,"pivot":{"x":-11.14623737335205,"y":-7.075351715087891,"z":11.416260719299317},"rotation":{"x":0.3248794376850128,"y":-0.04140384867787361,"z":0.014243642799556256,"w":0.9447944164276123},"size":12.149873733520508,"orthographic":false}